x1,x2,x3,y
1.721316619099806,1.499044778770254,2.5967473939112704,12.448241428050626
-0.38403808930179695,-1.1488605086204977,-2.261598592653695,4.4711594139507165
2.2531371815723604,2.4505645224760633,1.1165761552995646,3.7400576541319235
1.2400999002927886,0.5895547207369503,1.9758976373693784,4.551364034163379
-2.5498589250729733,-2.349745794809796,-1.6634331704764787,2.56026732292889
2.988423371570267,-2.238581671564864,-1.4061306057846856,4.527934633254535
1.6407891386670412,1.2132543493682695,2.918658240297259,14.37901397459261
1.7973950398246918,-2.0549538531711278,-1.4790768673639088,6.9242010603889135
-2.3366309591134007,0.045821395429940015,-0.44009283493953255,-0.7088210974513101
-0.311734346044068,3.0899101616012166,-0.4240170330032962,-0.28902036200687414
-0.8117999558004185,-3.116412130412291,-1.5517284306257446,-1.1417353274946604
2.6814435075521947,-3.037418685911115,1.732846502152622,0.9201813606023613
0.9039312087064584,3.098141800382548,1.7080797991438486,1.4678163744018735
2.0279710262248587,0.5318014790485988,-0.7645504651775457,2.7279221266155225
-0.35553907452309863,-2.3441937600773506,2.1056574465754014,2.5515963920904747
-1.7138096556494131,2.4963233440050505,-1.802803356445727,0.49656634422880774
0.3429663317734204,2.3899999129028773,-3.1145386671786235,6.764132187391979
-2.740617007691522,0.22745390377522412,0.447157723619362,-0.03593266141927059
2.0585673660378196,0.7652418925526829,3.1043822004768034,12.446748815975415
0.8272718180423868,-1.425106905841831,-2.8987832938794162,12.786032820860063
1.6216130964676045,-2.8241680396220366,-1.834702212943137,2.812267092350237
-0.9140402996225858,0.5941858107181845,0.11884420376540206,1.4019082930590023
2.9574829109965144,-1.2895911544433123,1.9474150813268318,6.907276748175872
2.4700528534335957,1.0280613563216692,-2.5821252355804085,8.520814649196536
1.749135098575132,2.112690754747434,-0.6582600842036972,6.140559222360092
-1.9186415842058906,-3.0274865908966713,1.5524230402773345,-1.3953956776556777
-0.209098100419983,0.60138738280006,-0.8071178255485791,2.024417626915803
-2.8663654759963415,-1.688414164792798,-1.955098430996872,6.23477075460872
-2.172163183978775,2.3492107165526104,-1.9132561432766393,1.6194386442018374
1.1501304935075938,-1.5477715530075526,-0.5651801404186885,7.918420808161798
1.537885981753596,0.6959892736191056,-0.12932633315840159,3.8769543122805623
2.9374502817940877,0.33640701978509835,2.2733470339473145,1.5069499016751693
-1.09437155062963,-0.6524051212207596,0.8937983062571773,1.6346337847604608
-0.8139256717294363,1.1160241721002446,1.1963307630700744,4.77346779335094
-0.19128647928084597,1.4185524516513164,3.034697899750637,5.036400047361721
-1.9511089940600619,0.4205825720457659,-0.5539040006324218,0.22962910859736757
-2.3252717601793034,1.623714803727725,-0.60724219350868,6.241877511294956
-0.15265045057405713,3.0373990691185426,2.6599674474538544,-0.8375679092985989
-1.715879165571594,-0.5072265462253545,-1.5967107779254528,0.01905180619071445
1.066972796342621,0.09162801734100512,1.4439717789360298,1.3150737328155573
-0.3948861399258021,-3.063242099727239,1.5995302016547814,-0.5936423257381822
2.0902787534896143,1.8600022755149546,-2.5271725448220703,10.83950572202873
1.2583027464413528,0.12710926002664635,-0.19960796497582178,1.0642105454068607
-1.1789351620051178,-0.5782953884523216,-1.8814214806105778,0.009175750026013896
2.0876499022927346,-2.550521077288961,-1.9768454632028076,4.370779065042869
1.9148909331759318,2.448283503519029,-0.22727468487257907,3.8006476048671836
-0.7069941956176384,-0.6596889667374088,-1.3230521679138343,1.7806943358815384
-1.3299737473283346,1.1471940152295401,1.8602026545598838,3.683289899311622
1.1466530692019,-2.2030471490250823,2.5610570647192104,9.387605742409217
-2.263501901933922,2.9000018508663965,1.9020496593283696,-1.3760271464516254
-1.8855323730135107,-2.020409997523626,-1.470071383477182,4.282776744168907
-3.0953341484627828,-1.8878333356383818,-1.4191554589729447,6.254673465209164
1.802799032993085,2.2555558349855254,-1.5410872268096245,5.721858309882247
1.0357884800150252,2.5923338359884163,-2.293123272539745,5.146767082418771
1.2890920925269258,-1.8086311796831456,2.7884673858195157,13.379641699580034
1.7638725230159906,-0.18974661570979467,-0.6154518354253908,1.244515822964046
-0.2581397954943707,1.4670917536504726,-1.7298270484452576,6.441128058792419
0.4319136724091748,2.377342019420251,2.1781984509779084,4.71294190705871
-2.2632222089662837,-0.7599343294845724,-0.6333745932352559,2.5397436871768813
-2.421978978318367,0.10693658970807007,-2.9209472219905352,-5.377152762085561
1.0581070152074163,1.5187489990817875,-2.1240837587757198,9.626338923432112
-0.18160789288321721,1.4522701724654477,0.8749356925456437,6.710925252781649
0.40989054574020845,1.777890931497522,1.7775462619993885,7.500411331715217
1.6650369273357501,0.43940714176340023,-1.8162528030586012,3.3456990876289465
0.8464601688356299,-2.4842766144368595,2.62257383375859,6.90502761831195
0.3366493029818076,2.5382390457378863,2.2053799475741087,3.365388689185668
0.3720095624754025,2.296960007770216,2.1889408352207287,5.111660713771566
-1.2318178633269938,1.8730014288416594,-1.711155481005316,4.62827420864976
-2.947958488233425,-2.5141382043549405,-2.824065672219956,0.9963127530242954
-0.39761637017518536,-1.8573261199175648,2.308590184788888,4.953754522989026
-1.7933173901841886,1.5305862348679815,-1.2201931494474698,5.797135728117731
-0.5747314817771554,-2.9961991513057615,0.7471736589724651,-0.4136166306868637
2.2204969974706525,3.011057177348098,1.6334201040216918,1.481690772764507
-1.6717075132315375,-0.7719227392980383,-2.3355023367025307,-0.5493283371967856
-2.775265723640767,1.3779812893665104,1.764559422806574,6.037515547747729
-1.3736055175601773,2.435180968675673,2.755248755974053,-3.6824773447257977
-1.296888668510524,-0.6620599385912729,1.4349222293054789,1.2744959031711827
1.0173514663217542,-1.1364240901767149,-0.36930836314335647,6.612551238311292
0.358343581627548,0.6832406633795851,2.3667385469404527,4.241025038870011
1.7837850561920154,0.5088712431714284,0.17252137784187482,2.638981187683052
1.0324124223557014,-0.5708903575978832,1.5379410972829444,3.3829296734160135
-0.5881886967587158,0.639469650709775,2.0137982373161067,1.0255637124863575
1.9730482670885108,2.735581824279925,1.5667302369303773,2.566501861499228
-2.092470856528834,-0.20332226410787113,-1.332947125804031,-0.8552650805917947
-2.998888489379533,-1.9054250741949559,-2.401157586877548,5.63000470653489
-2.5758052578213277,-0.7715375641590687,-1.6440675077673066,2.4752479908283513
1.3971250045816106,-0.6653454511038293,0.018063761794022692,3.6526394156896065
-0.23953242675347308,-2.3178124399239297,0.033155880619108125,3.531162101359473
-2.1282921811031534,-2.118240834347122,0.5192697613345199,4.248755583470503
0.006564515578761032,1.159637707809753,-0.6590945930692294,5.888526329452705
-2.1845874877167852,-1.0085910162300928,1.8025917126832685,3.330407778607605
1.2335172961884169,2.8582108919680325,2.5959215737877193,5.776207190716811
-0.338310098197077,-1.611029162275824,-1.5913734226544816,6.443925306422685
-0.7475656840568234,-2.5200316565951617,1.4861192062713409,1.3620847332271344
-1.2471363251188337,1.5928161455462027,1.1182301290025567,5.900287564605285
0.8185896748658563,2.394120122916079,0.1450818858072327,3.964990366533798
-0.8682569750084408,-1.3941548959644678,-1.9570222581525385,4.901144339062916
-2.590871968367391,-1.8718356625751111,1.8549989893323247,5.241637153592451
-2.400139703225699,-1.9743896043962368,2.8942003099637885,0.5064098521209619
2.902188619318075,0.13830736852327963,1.3938387832888495,0.4596750023205738
2.567188192651323,-0.1984440956696707,2.6254917912569233,3.397122550839067
1.2547969288986494,-1.5114840637187588,3.042225742674127,16.067523942530887
-1.4710824181269369,-2.8577615886423247,-0.9295930298271449,-0.5203970224081086
2.9479221206269637,-0.11629333851750046,0.8684841968529202,0.29765453893667676
1.7514435841609082,2.8860702577763604,-0.16378543987082406,1.4309794415225086
1.3627612497952022,0.9583064012319076,3.057578592342262,14.21635150084398
-0.3181710657077921,-0.028233137369708228,-2.5521807120859674,-1.6345055544375948
-1.4310484722006673,-2.4460938404256742,-0.5505646510280302,1.87473983581775
-2.535950376442023,-1.5554886618097092,2.359581406845791,4.664358616041982
2.5296254625995553,-1.2894733046837301,-1.3568456328044851,7.229655224002816
-0.2778657659464234,1.6638097910307312,1.8082558106454947,6.372037426397895
-1.8701061331969793,2.366943746428964,-0.7364951093731587,2.4411063989480093
-1.2192104880921464,2.5235901930770206,3.0157941095993532,-6.354746047166584
0.4977512316168209,3.0446343596815986,2.409789033082429,2.153121288751494
-2.030896501116766,3.0307992559553503,-1.2483410095699505,-1.0280257581532923
2.2406736301395807,2.8462774951728758,1.6976734010821568,2.0279759605569816
1.6243261114795668,-2.690320835651882,-1.025060566749303,2.440162745365023
1.378926420301127,-2.2758103332238853,0.66829743487214,5.061498711653803
-0.4266720147402969,-1.2285730479075787,0.9957640354392625,5.757160712780295
0.7999050373756575,0.33236953271327696,2.070909031681146,2.781803324933787
0.5284031226361456,-2.5322626081542285,-2.9879634894117313,6.8155025784985295
0.9415139652200386,2.1727063645298212,-1.7582998266420211,6.336956375416016
-2.6110133357288876,0.7336007089009771,1.3315188738198245,2.472970252022862
-0.5289976936549055,0.26618339009265934,0.3991282691914839,-0.021577606351997704
-2.8801230878103334,-2.102910975498016,-0.027614108072781196,4.939623482090998
-0.037756796231025014,-1.5503415778756773,-2.7946982647921894,6.7290568354656575
-1.0690135308519908,-2.134322493657063,-0.9533107397797815,4.053496461276563
-2.2335203935746,2.211261246165593,2.293992412788845,1.5289842391817312
-2.4918926460766917,0.5292192527918242,-2.9474872338279026,-3.3866555449569473
0.5506870881610411,1.4773617642769077,-0.6507103243120174,7.47172201183658
-2.069725420170681,-1.2815633189112108,2.7969491806091504,0.1786806780236354
2.6711084815715385,-0.808943538985055,-2.8218995698780525,6.992619455959394
0.5093221619487536,-0.5978138895662819,1.5689475060819058,3.0005331327618103
-0.96214539423225,1.6337222501088355,-1.5229648486507275,5.71053586369316
0.5712388802710486,1.7112442905233092,2.3034712276702223,8.925684828470697
-2.9983117061891797,-1.842144936187648,1.546090709964858,6.272733858493885
2.88121251111048,2.774270457205696,2.423457062440457,2.048241997942709
-0.11119078498794632,-2.3834928101308277,-1.7848971828962312,3.0854220599164153
1.7764778256810798,2.488908448133535,0.1966181772974318,3.5609405468699653
-2.6217847336141586,-2.510788207938103,1.7547048062060604,1.4673971681273046
-0.08382817965092171,-1.4794399989998128,-1.597815638425928,6.803436191956211
-0.05838967653121108,2.17698884707528,-1.69177085864884,4.621594676618943
2.750944748993337,-2.013810701869641,-2.9708022717799727,9.0605583499795
0.45068064480196446,-0.5430687040623345,2.8809365582236905,5.3054564002122975
-0.16657100576347839,-0.31504330988276497,1.3195749750189067,0.4560086204769815
-1.46413508987628,-1.6005850778364077,0.8517508245528567,5.947140226179675
-1.058283201170802,1.3210095599392844,1.5330640566665243,5.21932837520204
0.12988853547326906,2.207500707027018,0.19862982626424763,4.655125847019531
-0.38383061504838745,2.3535250151752676,-0.14995562466325296,3.144192204894914
-3.0057999508281092,-1.0095687330971832,-0.31709828105897575,4.8816366389177155
2.0501526239493444,0.19383874410989277,0.8824055940414768,1.2008232493347748
2.4891515409045466,-1.5808091866118132,-1.8753110573215717,8.357311224834834
-2.2603816382483997,-1.6034908718009546,2.4382446908407136,3.494226704619946
0.33951910314120237,-2.12840349515557,1.9587979183232829,5.863264096909267
-2.45939115217144,2.7647209835854722,-0.9452197061897403,0.2672051565972763
1.08221642189499,2.437805707244398,0.49391677874017237,3.819510070789779
-1.3745486750900162,1.7426961923987907,-2.255491994632653,3.276048376585614
1.0016819559280155,0.11097061105749839,2.9678390049177894,7.463573714906582
1.426249225296238,-0.05901220725959577,2.5314494152886917,5.077642895553669
1.6879619740276697,0.1868975327101401,2.6508602139714803,6.1389271588088965
-2.464636324978074,0.22976360562031095,-1.054550672671474,-0.3408122171181828
2.6138795129812875,-0.4111522647746271,-2.078887945227715,2.5622225490779966
-1.6951154884919029,-2.3137526234124532,-1.8109889076286385,1.737124845750088
-2.9065226303195892,-2.3520233796026306,-2.57609723574956,2.2705419338370167
0.3446482297430862,2.84156876977774,-2.386915307300693,2.045995944100396
-0.8110192095198223,-0.11290406734821978,-2.693573052064288,-4.452474258345265
2.072130068508108,2.847574295216895,3.0776491115456706,9.33252652809241
1.9368011201909,-2.113808818967318,-2.676274505561472,10.855056435326182
-1.1489502218709065,0.3419092802446837,-2.3088061979728636,-2.7178278067886845
2.8456508247327443,-1.8364666592837022,2.056201266722713,7.330418549589432
-1.3137019673913508,-1.5507868563710796,0.5041641508841659,6.023816365992521
0.09460673315701307,-2.952754165904083,1.7242141477873236,0.4246232524129259
-1.5333165573845395,-2.3941869593065297,0.8225444037705256,2.1892670371268235
2.739742552621779,2.619135790136969,2.401276786661171,3.4346154298781677
-2.107331232711559,-1.1213412857345073,0.8700171359728994,4.769893131860005
-2.8594109096875773,0.6793958755786695,0.13901605864906097,2.4850677762783504
-0.4077971989816702,-0.2198226918439241,1.336745749947955,-0.1903769267360585
3.0936869096898967,-0.6254832732228914,-0.33054108899096724,2.4475271650761825
2.460980844489142,0.20034622064900143,-0.9672095261683658,0.9615701132737433
1.56205025509892,-1.965135667850867,-0.20324563548811803,6.966873950506136
2.4554216368440596,3.0699888362088688,-2.075247482013385,1.8445236575618966
2.4720981457087943,1.9999873237997603,1.8634151352211052,7.1566531548676
0.1184905728976342,1.518109510378249,-1.503542485173626,7.159213096746667
-1.1565518770153767,-0.19629112598789522,-2.1769254974562946,-2.7050223828689717
1.709104516809945,-2.1810373660417,-1.5937158676266696,6.330590174917096
1.0157476734757687,2.6431215399365717,2.1492901516400282,4.263393434567943
-0.7938319016164046,-0.9965944477557946,-1.066876724678464,4.129379422973563
-2.5480410728074694,-2.826763037094612,1.1689858064821514,0.007447357895424667
1.5506248599927606,-0.9902069023289837,2.2393877546734444,8.408069212659399
-1.492504596228476,1.8501280876074722,-2.6531085046547975,0.5313850655606416
2.7445779694166665,0.7710017835723564,1.665197448658689,4.083209705275081
-1.6275298772514581,1.5760653101426234,-1.2084735157105166,5.788478508947532
-2.3702818163221995,1.8449655295521277,-1.7805141977421106,5.089209319129713
2.080442276516182,-1.8098425554595645,1.1869028305573979,7.65371114366524
-2.1784788875537084,2.662709105104512,2.574828118889271,-2.9431518213060923
-2.0152166537301444,-0.389622815823087,-1.2879322960723225,-0.1413370114073255
0.6244404954702558,0.8734485185540155,0.4324955546280127,4.699860786489654
2.3534427116171566,-3.127086207595157,-1.3205112079312524,0.9261210770945628
-1.9073572481512528,3.099925700242369,0.3410863946279301,-0.9330276241416158
-1.1917715115539138,-1.3766686084599675,0.7656817205104209,5.778540672598812
1.7429860037774967,-2.7516386544587683,0.693257693708405,2.019544773926184
2.964572867765326,-0.26224732736944745,0.7762647344946791,0.6529710750660195
0.004657010256441385,-2.3308728941190466,-2.2928612878317742,3.6947035408936593
-2.237457979819937,-2.18449570643671,1.2160506348519142,3.720660914710095
-3.0540283754249935,0.8311574272238009,1.0979888716326158,3.719704944486255
-1.6986212601957915,-0.6727570400873035,1.1472350067786303,1.5545119424529261
-2.3133292316336966,2.650577116611574,-2.6761936449272827,-2.9595884100392054
1.1162623677373196,-1.1362732559774265,-0.33402140425605475,6.65902774571716
-2.3760964505709175,1.4211316594377204,-0.5715491217998023,6.14408174101485
0.0397721333542127,-0.2444194888915976,-2.596768333599101,0.6304857945646647
1.2205868813683045,1.0050036651197418,-1.7444137562405826,6.797356699768813
0.5096706872250016,0.6264044005119387,-0.37094272446112697,2.89451890749759
-1.886365214347092,-0.171003342480462,1.5262253571215147,-1.2637127542562148
1.9108707544613468,2.8278172570774247,-1.6520876945902814,2.311886873192271
1.353442911863734,-0.9882593288618606,2.071879790340633,7.657219574853378
1.5015807820530807,-2.0279891562297543,0.28775911605220905,6.634260364906447
-2.31813251461289,1.1189979866160833,1.6362777060229368,4.406447349359423
-2.3640245727863602,2.174029625382892,-0.17243584226785114,4.045520363883636
2.6864547383843114,-2.8886709462402362,-0.005062830987985212,0.8779047983909581
-0.6435351876939284,-0.31646715206474996,0.7522191083346672,0.0587282474812003
-1.2506762551768746,2.4660728850922693,2.689018637132219,-3.1750291515816
-0.0717285585146743,1.5684000388146213,-0.051443068170133,6.928292687250649
1.0233060287015112,3.090119018255441,0.18006062238195275,0.8724537494527586
2.8627653542868297,0.19737879947030956,0.6408658226131054,0.5490566803670976
-1.341797929547435,1.0052827495830305,1.4923516209018128,3.5331080414450247
2.6691500814193665,-1.2410529954324125,-2.6901436813467616,9.104405866292645
-2.98539586256771,2.811949104261168,0.09856708322853791,0.5779341709749369
0.3468195285329818,-0.8398388943929089,-0.11566345622911367,4.220247105035524
0.8417904532423379,1.4986070055575569,2.6495248972197576,11.384917068787528
-2.4762196422745957,-0.6085880463353983,-0.04079935839573423,1.6706101527429762
-2.2598129593023137,0.3884197930773996,-0.19904795094788508,0.23204301056693868
-0.5082197204330194,1.380934394822062,2.904088176939813,2.8028227580262093
2.929421500116283,0.05613493101622202,-0.31053723773179653,0.23281344538076384
0.6034531593462247,2.5577988279915296,-2.0050622586924858,3.6113985354090885
2.720765143626017,-0.5070468469558906,-1.7786684578861012,2.468025806583006
1.9123560330591438,0.9240793611946225,-2.5435117112843235,9.344208082760138
-0.2049474418515218,-0.990466042948642,-3.1380229921774143,2.718619612482749
1.7892215203631237,-0.577068672733319,-0.42759802289159055,3.063027151313388
-3.0295208345782476,-0.37667627911394996,1.6917010308800897,0.7436672681289612
-2.455820696744471,-2.3511238445899694,1.4669129231194118,2.608994422788974
2.069861032795731,-2.5652757810057865,-2.9395939774676982,9.513046778008743
1.8649567682844816,1.0523702242163475,0.4397155516157931,6.241887188497251
-1.6798677618149396,0.9771467685628652,-2.172203186846095,1.6023604676483165
0.19333103955990394,1.023591922721696,2.771364031778905,6.430488561491323
0.6661170469508941,-3.0173964146374246,-2.090007346889369,1.9044169364819565
2.3105719912430267,-1.0898383296085816,0.795697671949533,6.270050882702663
0.6478413760557351,-1.898716727675369,-1.091776569802259,6.963081629750798
-0.5493290313693802,1.7476769312996394,0.8894560433640777,6.2284735118897485
-0.7905249698727341,2.2659076393744417,-0.5512954975282383,3.4112911975385454
-0.4656965858967683,-1.5916541318329465,1.6313854113628006,6.2298443599798805
0.9546107876288197,1.0546273686961198,-1.6921929626567584,6.780105694034896
2.3090117379523516,-2.328782187605203,2.549665408004059,7.557332699049281
-0.2896744331533614,-1.412758347495753,0.0013172654853144117,6.540978438701209
-1.5843707531160096,-2.2704007600815843,1.6090807029787682,2.4274024231094
-1.6545991716409896,-1.3601791386132234,2.1974196000892947,3.374150211314128
1.5457533109819837,1.0979021069322732,3.134232599152032,16.19446967845831
1.9890602030571243,2.578160013216376,-1.7345005379232818,3.7376493000349873
-2.480110969082276,-1.8691068357459173,-1.338994455946604,5.583585934551792
-2.72339102150635,0.2643903741426552,-1.5680751626043619,-0.17363594471466914
0.5933442086176752,1.26537760832945,-1.489923361684722,7.2017577954070005
-2.2231590733754576,2.8457957992800154,0.5180155886944346,-0.20555899320520296
2.0399252712426383,0.6915304089777812,3.100893466192158,11.985702262711412
-1.1917023900816808,-1.5387085327988788,3.0805080732533083,-2.3019627996812417
-2.2376186382299834,0.7884025118936191,0.16822117392137148,2.735176381754428
2.6450354874895954,-1.1278872954535646,0.8735337248331652,6.218437013396831
-2.1015261654273685,2.9916029087252003,2.2617616312033775,-2.9630515556871497
-1.3526436155851145,-0.6303534334993075,2.720201145141507,-3.889784479473703
-2.1764112259330792,1.1650767306294032,-1.8606985552403896,4.101942168085195
-2.4159471824424,-2.9956494494673365,0.17933297193272235,-0.5156466951732914
-3.008715748068679,-0.6279324532668809,2.091276891534142,2.029978334341851
-2.7935330326437127,2.3568706446392067,-1.2365178205729879,3.074457188889007
-2.0442879293814125,0.6925794593109247,-0.3781909399118022,1.962192199275299
-2.806184078837874,-0.35221723255969817,3.0512473698766147,-2.3491326510412627
0.5726734862287324,2.739076091303162,3.0476382781325695,6.290816074506262
1.1354628595805698,2.224149431179402,2.55164434654535,9.164116084285983
-0.6683395507644048,-1.1170518660825373,1.8752062551757183,4.269116044033499
-1.143595665406757,0.27990586516447413,-1.450595845734375,-0.7788568776244897
0.02843918595488848,-0.06393608460946032,-1.125632182403359,0.06157618390007773
2.3562255431682217,0.8306528062941108,0.29708685314017425,4.523985804773073
2.2062250785353505,-1.0423096500713838,0.38187550685698524,6.026814352880999
-2.8684307827222972,-1.6072073808377845,0.03457523373238658,6.720946290496405
-2.0012045131364506,2.592893611964419,0.8587246946982559,0.9460898414459282
-1.654080757916527,2.6632820273371154,-0.5760234371990403,0.4754990606042225
-1.574644301327705,2.157161311438162,1.5656074041738117,3.255937862536635
0.4475679508216297,3.0046470532080694,-1.0458366563301595,0.6150089987612261
-0.5261386964805612,1.5393271551624474,-1.0638878049542018,6.426535474174617
-2.8321198909426735,1.6629532417926978,-2.3422083591392697,5.719582218066065
-0.7941057882660534,1.6499022076306007,-1.9558788682506996,5.19928734198056
0.1492441783848486,-0.1218458483347038,2.202387636298349,0.601933921752009
-2.5027692471121754,-0.2736189315878428,-0.33751802096741734,-0.08590257309120482
2.095181885717632,-1.6322064448919107,-1.7098571251414938,8.579165534409837
-2.8151066176826225,0.9099258341958789,1.6294881892084563,3.8158798193921752
2.6693601892890024,-1.3237406253604067,0.3391734165975038,7.036844185873651
-2.518846418666709,-1.5217346416806248,-3.008665513456432,1.6206011588921205
2.158745087793938,0.540111242705299,-1.1538349930938228,2.8306000355197467
2.529944317815671,-0.5655973356918049,-2.0294599878821296,3.5587799961450153
3.013231454015794,-1.7664760248322096,0.9793780699154304,6.87515602147778
1.8976845733230236,1.9858385207070937,-1.4135216600834766,7.186970941479081
1.756009177861098,2.265527619121352,-2.7335200047092387,10.601877456364054
0.895248826254039,-2.087905495529286,-2.7964259366129283,10.841672373969825
1.7529857958419663,-3.0944245754003186,0.5135077577296858,1.0058497744338515
-2.2961761946397417,-1.0296257740232955,-3.0051001558886905,-1.707953760213048
0.2266221535250197,1.8693157114760242,2.191525480516793,7.137481724455814
0.08936492900633475,2.1310922529028016,-2.165203757094445,5.30841783347576
2.246692042207555,-2.272445472680818,0.6695760315398993,4.879333720896968
-0.23373847952058036,1.7237033035452178,-0.34753536971401155,6.605653906417264
-0.7220039897428614,-2.414601929571737,-0.35907448212337467,2.430088508629999
0.8769018952589294,-0.690757118237876,-2.6904779036156716,7.638405677438015
-1.467354252166148,3.1328559787428087,1.902248490248951,-2.2965110981858947
-2.263401827476053,-1.9315088227677197,2.4696215971520648,2.495728273904965
-0.1390011868087604,-2.17421093369732,-3.072372890947124,3.3728235762751786
-0.5221994981150369,-0.48505981626113703,-2.0193895210487414,0.19354804240819867
-1.6803126203671437,0.7518995241056721,2.5378048645480424,-1.8514183479574697
-0.8324478480594468,2.7199958355254994,0.31097754074456097,0.4319425991794411
-0.8394809961799816,3.021088356994418,-2.1988661800452176,-2.383106576890275
-1.0838773351064015,-2.7040276289761094,-1.867422661319628,-0.7016845275960977
-0.7573495232471301,-2.2745286801621742,1.00522321914148,3.311978064804326
1.1670598590751782,1.8267605658224708,1.4125657543483578,7.837032989362294
-1.2762627505162192,-1.4411606907911343,0.6247170628092062,5.911506788506612
2.8202575301489183,2.4180779561722474,2.8472152426386153,5.45933488369416
2.615991759035599,1.0270071042324433,-0.03729947824991742,5.627941565513405
-0.11994331642529765,-2.4388510345871177,-1.2549285870571498,2.774703674623035
-1.0784383548565484,2.089343117241456,-0.14304984552731037,4.399278598314497
0.22264335082287223,-2.033512837895671,-0.881742681736005,5.839365988030128
2.190070141725773,-0.4806926120803725,-1.7315460140386132,3.0429700060864153
0.9587345362688406,0.3278875763801987,-2.8527970406655934,6.965504357994938
1.9125502609826137,0.004813856644313663,-0.9285762890163203,1.0123790139002882
0.20560012419373308,1.1696960961348264,1.328324107330273,6.200656246146213
0.835146095279458,0.959359049131729,-3.025744521467702,11.64880405822905
-1.33105753237724,3.091591099649051,-0.38215267218528837,-0.9559853133981733
1.4758772661849688,3.137960402120994,0.9048377552855396,1.0623212835489937
-1.8698470879566174,0.10341747680521207,0.693689476616258,-0.9031449772047845
1.223952740858464,-2.5434391491403807,1.7382333876301939,4.018715059164861
2.266464750124767,1.431581668419577,1.9510529150232223,8.745143919595716
-2.311566047219997,2.994968732710774,1.3301869034450906,-0.8195693603561014
0.7186691052120038,-1.141488971951579,-2.4956956795611918,8.999731328430848
-2.544088445536219,-0.24373175855448226,-0.15693861284105637,-0.15494811568198316
1.4182131191558387,-0.47264052076039276,0.6497187927609795,2.456691715589347
-2.610706102521541,-2.818516577170098,-1.5986557265999548,-0.13141484414026983
2.739090688807047,1.0823693432127968,-2.874231698157782,8.52383957399292
-2.278233166486314,-0.9215064394628953,-1.736733234633846,2.9895504912734325
2.8832296188508897,1.8061887934295697,-0.2834068323050287,6.874906936877157
1.8905110343407143,2.0867719772311526,-0.5407917547097667,6.253452295666228
0.5886213940101284,2.018352558565324,-2.031561272251201,7.189983504150922
1.7757796216631547,-0.5236029767043,2.0383629712096143,4.419286898127538
1.8542612202291942,-1.1212615473467373,2.674668222468812,11.551795345099958
2.8024706876983156,1.5633870669250083,-1.8764838536924653,7.744732089443943
-1.5495380876635259,1.893685662459771,2.699086231454264,-0.010584405534263652
0.565963542246374,-0.05493108438099803,-3.0293689373281625,5.0733855292771874
-2.5443809319939374,2.469486727216312,2.6701179646149855,-0.7069964865554539
0.7298906195897903,-2.2373876488136233,2.8395523337278084,9.325614895126268
-2.065337648466352,2.381759386763674,-3.0658685649639907,-5.3356462427626346
0.4080967276959764,-2.5378084976908695,1.6525989810123702,2.9493487766611155
0.45509434156894946,-2.1769633491391676,2.9543636121835757,8.516052095355946
-0.21372158701431365,0.21262307419770998,2.550358857427458,-0.7976881153078321
0.1421996393794398,-2.717361530913131,2.9575591687681806,2.4120845368425967
1.658279566310421,-2.8097958499578772,0.3161919116051757,1.7399280860929174
1.8802100060397375,-3.138333287869647,-2.650523143796049,5.653659480462901
-0.04930280060506931,-0.4001342281211233,2.197790348258737,0.8979329369999438
0.6257640484663267,1.7255127359359692,0.7152040244410607,7.434814503254245
2.7095371800114814,-2.922696842984651,0.7209122252774804,0.7601332042593637
-2.3892843295436514,0.9566627558525944,-0.5199109027580526,3.9872277725891316
-2.4058092489078824,2.030268813137737,0.4513964513161737,4.949352568239099
-2.5905006786448137,-2.086012190211611,-2.176622442156032,3.6016576089215127
0.991884273109747,-2.2188205928024267,1.5065195080224951,5.717799278675877
-0.5113991286002681,2.266979376268642,-2.670245010254407,1.1437070408390504
1.7236122913471261,2.0302518016265703,1.4437551393620094,7.041169265797753
1.0758787002281442,0.24467833362676084,2.1926960975591907,3.3250149951518106
-1.0452847925414734,2.005591991633435,-0.17298440061403175,4.89284108094045
2.5030108372538624,-2.5587890307645953,0.06176601157384942,2.7163843057150725
1.6495381291366327,-0.6629921761231112,-1.1798925212740337,3.8417994119474668
-1.4417714877842795,1.4941261106107753,2.9496952755939496,-1.5400525134433014
-0.8533067185323366,-1.52397428546087,1.4647642732964963,5.884365445274734
-1.1659079899805285,1.5854293277454738,-0.8231691969756141,6.037152058499108
-2.1512894587088436,0.026254945712877564,-2.0432454528241086,-2.2888002462290933
-2.2130423385872473,1.5724675783631215,-1.7619333861091275,5.427514332099318
2.740269669939978,-0.2219243804590887,-0.22668296182996261,0.7298700000497109
-0.3901604411079638,-0.8299815086604689,2.780739270277021,1.157233886688568
-0.7331231751640885,-1.7643861891190449,1.4711848794147917,5.75824002076099
1.4431578700308316,-1.8323066371655483,-1.789176297568296,8.540366776412313
0.3329652489794297,1.5801633658728802,2.259189230530459,8.177674035696276
2.7403483571769236,-2.3944569019512016,-0.76528868424773,3.6363851320345795
1.7611862281119812,-2.6013496146959314,2.2099356508797587,5.175848667912024
-0.12962485157339865,-2.033921339100112,-1.6229492908035383,5.383984156082753
-0.7768563395972206,-2.039858029157314,0.7455666134592094,4.8468559444569035
3.057596173078603,2.0301450682580366,2.6808497417194532,6.141244858531669
1.3682279153460515,-0.637701692162874,-1.521196804502735,3.98517690252447
2.834939658414023,3.0812015500978465,1.2121935193332956,0.39254694442509425
-2.397169798004137,-2.279468894660187,3.061875493717916,-2.5976840225254403
2.2024680627631277,0.9647191768652146,-2.1953557078981425,7.410181455918082
0.8612606138915941,-0.3221420070449592,-2.586144679538297,4.853912067664885
-2.375536155647938,-0.6728149388429454,1.0945006737505896,1.925769931939187
0.5545413686476639,2.356723528451833,-1.006968738372354,4.076988711480636
1.1692779469500838,2.988255574027587,-2.6939504001823393,5.931821834170998
-3.064292598375678,2.342741931420199,-0.15515937888361675,3.516928978611893
-0.28702871095795546,-1.9333318525155878,1.5944882057318805,5.653487837077391
2.044545427712144,-1.7542783991940227,-1.3501157765533043,7.95250744452774
-1.2857971652049247,0.9806411039646248,-1.0364310356331319,3.761836574162141
-0.26045008339775366,-1.3252269408938566,2.1720933948458443,5.755557040946821
-0.3624510292388421,1.4748214929463463,0.12611554420837967,6.5811434961247715
-1.2445269038432705,0.4173332572604651,2.1534484707055572,-1.83427410587445
2.629147969811706,0.31986922618550695,-0.3368447552730802,1.1830588635604928
1.7674225504205543,2.064321210866095,2.8461268796317407,12.84504412933473
-2.446745174474694,1.322816418093387,0.9474703505166575,5.886427968953489
3.1229608592840723,-2.974599631061138,-2.4133786058970994,0.2752316644146664
2.3825840212125673,-2.830831729768167,2.4196106055245155,3.701564447788059
-1.357743328218155,0.6381105762915342,-0.06744879524730818,1.506441323357104
2.116783639364664,-0.08675774757276544,-2.2516487710983566,3.103883287622068
-2.4729390145385906,-1.5068042499851249,-2.1822122480860937,4.945620933099929
3.1359675092595634,-0.5110988770121376,1.1783104656799166,1.6814875893771002
1.0410278995285198,1.6204983252323135,-2.843942415342797,13.490540440766138
0.9432632919991404,2.0521604815588166,-1.340870920754041,6.570637954479291
-2.57333680663245,0.3846758806271837,-2.2632813190234806,-0.9645368478912715
2.4946344184068474,-0.720244793633019,-0.37022142848993456,3.6491104828873238
-2.9593834011399633,-1.4407547390626398,-0.5381311214203821,6.699567820830985
-1.6284253377490654,0.13771781349321843,0.13745369301049326,-0.8664493912940066
-2.2429597089375193,-1.1639624747856954,-1.3845857792191398,4.833879526417256
1.738984258455699,0.402721623356773,-2.9402568436195344,9.429454800163837
-1.896238765344829,1.1099396542628233,0.7187091039273579,4.642805981466394
2.5801160752750523,-2.7264047264310305,-0.7934531888509047,1.6924458416819526
0.9818673318695552,-3.1348855730429395,0.950865840545501,0.8998273442251242
-2.914375642341729,-1.807816053775516,-2.4588179392567007,5.565408672002583
-3.10747599957192,2.478788845980058,-3.0550269772344234,2.3191748984749907
-2.8170163884054196,0.9191719740937705,-1.5815138834197155,3.9068714800890465
0.6655475198565903,-2.0611338968816604,-0.2730212217213914,6.06544900066245
1.8942660843737729,2.4521007908518566,-0.665565415523226,3.799508468901327
-1.6427210760375386,-0.18877239455461137,1.9496884560745258,-2.1921592413886524
2.195400508052872,-0.15021992315711374,-0.7675687190980933,0.9961297055977401
-2.781993768117446,2.7365907422126066,0.19126757241528036,0.7348192763469628
1.8910116631935274,-2.7678267432907164,0.5875757964249764,1.893689540343136
2.6879179613370425,-1.789587680018375,-3.0044219743655463,10.679472481760671
1.709707495212803,0.5389171299894748,0.09508581104798619,2.8340447237257576
1.2448295989414744,-1.9133146888323236,-0.9749539510787826,7.24332088270568
2.123592343972847,1.1280014665036182,-0.4946115451236275,6.571068750048045
-2.889314598211499,-1.796411126848872,-2.5114683448691726,5.407023928006543
-1.8737582602681397,-2.5185710328188846,1.7770140226517874,0.4770380578599387
-2.356674027257762,-1.8410665397302477,2.7797078885139017,1.5746204485450335
0.02846905100754782,-0.4854763806068201,-3.001673527001673,1.7837515391657495
1.540562445410659,-2.0348830801938953,0.6369438538444623,6.613534494772535
0.8168885116017441,-2.2952977015971507,1.6577811669727138,5.204858938007865
2.2062217669179995,2.2637178539337963,-1.3520937972115603,5.2174548754434085
-2.1663606600005547,-1.128477651485762,1.8067650258099963,4.007500161681519
1.4741677976014378,-0.8748789750208958,0.8316113103058322,5.165967476776078
-1.9286771944862526,-2.7943184286898806,2.6965083454761025,-5.077837733516358
-1.440365245519499,-0.8961730859693859,3.0222423633807143,-4.9944464091975185
1.318870109865867,-1.4777600878071444,-2.8755241722969793,14.529240519205077
3.017215648912731,0.6941981517846729,-0.3459662508955259,2.989368240863682
0.7008491461849529,-1.8510873530172858,0.2952329765283359,7.109667105184801
-2.799157075199825,2.440172108500583,-2.2195777267714436,1.7641688624154366
0.7307908109418664,2.6996749995472493,-1.0286464648359082,2.0225211275556387
-2.875496290150336,-2.5143356219363797,3.0639792788270253,-0.16922521315181704
2.413658689476036,-2.4667599766897537,-3.0396136887699567,9.07715843539796
1.3168192016481148,-2.4169752721214777,-0.29840146685355684,4.044269861762862
-2.053798312684277,0.7512757944393424,2.152962484616949,0.4729565013417658
-2.5652925774354585,-2.3752390497359777,-1.106460998695045,2.740121417651478
-1.9884193665097447,2.2140834025293348,-0.1269297506718492,3.567358895871121
3.0160997216217593,1.5976350466920604,3.0036500060947438,8.138892587478331
-0.26037116244377856,2.0094183191870316,-0.1578534919257275,5.479999908270572
1.7849332406683773,0.1637431196276049,-2.318989788714238,3.9890994981151557
0.8570788909083102,3.1207149578280724,-2.8166169370861134,5.516658770011821
0.45498523986670225,-2.864032295827893,2.798634863528976,3.6608563367841063
-2.2297123698511214,-0.6203705263296628,-1.471462853589874,1.2043421194636863
2.802454293239027,-1.1062385348641395,0.02553427801613717,5.927574166779702
-1.2482010525465,2.818922805643524,-2.5716966495580627,-4.3929226338554965
0.4901966240690081,0.48293164512781583,-0.4796890248348351,1.9828176046708517
1.2552292797699431,1.9238545752734302,2.7024326790892266,12.183946129460976
0.9376595683813749,-2.071307368387155,0.015161286128229978,6.1942224322441595
2.7683363214243446,3.0073470204697177,2.9602294635002107,3.290169644513604
-2.208922973111506,-0.008547979077842882,-1.5152803807252981,-1.226152279518538
0.05248180348454046,-0.03975951740123129,0.02855858332538741,0.06351762299397243
-0.6029697060921566,2.9586560077738273,2.258998588574995,-1.812214527575888
-0.16230265938059496,-0.7493806756224366,-0.32514004554905584,3.0863239518172905
-2.3925268446258268,-0.6438692600696574,-1.3855216944313655,1.5905782803356283
-2.2990513710652554,0.5325169370077361,2.233517580491558,-0.79934230540216
-1.3943924700510524,-2.3370143724499486,-0.6918448713453635,2.6271917804915463
-1.2270771642097602,-1.1241521633722726,0.19304013097786488,4.752348170940231
-0.452997468492208,-1.927628960777733,2.994107862173034,2.1909255003131904
0.697355324820446,-2.492643415189989,-1.9698835559453092,4.1658639975597636
0.8458996924809852,2.3005544108021194,-1.2478366013749502,4.818739111174094
-0.554108478826886,0.5612842704853764,-2.946376598931029,-2.508421007641818
-0.5731326266042185,-0.8879850397765345,-0.6796037118840528,3.659246286545812
-1.7741922922243012,-0.5738472262250331,-1.883803063798199,-0.14983140066312362
0.5548445225356313,-0.430278789852633,1.131192860933889,1.8310177583033695
-1.1495658578264978,0.8366009849146163,-2.0023163279958203,1.4782926138826902
-2.9150220326789307,2.6814711701576153,1.0983809174241834,1.122973052412954
-0.5127076436201179,2.719234547475522,-1.486127714387822,0.44638395504703166
-0.16252919580948255,-0.6817759999240778,-0.9096931773913153,2.606930019336818
-1.7241508586845937,-1.0727756052392752,-0.9496365303987782,4.33406592043784
0.45526662078147817,-0.3075839107710241,1.3618914119334509,1.232595076624963
0.41325703841912453,0.4268433584828566,-0.21042850577578065,1.601441867467883
1.2692171363709148,-0.23990513777637146,-0.8714847208184513,1.4051583829240597
0.9295877295861636,0.9974770920249547,2.2155938872463867,7.672869407312634
0.9577651410614205,0.34179914442465,0.4520791138711835,1.6077562475300995
-1.1547605409267105,-1.1264774428175057,-1.7980539791137333,3.835878880358161
1.8059899139921267,-0.9693019345826603,2.513847640363088,9.614540819072504
0.3087832689639032,-0.7628240133903295,-0.988657348050487,3.6749687436906244
-0.43091218838557266,-2.546953452250353,-2.8966780013642954,-1.1616512201361182
0.7917597687700977,-2.098190361534753,-0.03392779338577823,5.938533142554624
-0.8755157888454015,1.401865363468863,-2.362866890926446,3.6406805507725504
0.0800430345377503,-0.6968259126823657,-1.6432637981796718,3.0214921245486246
1.4872657039973145,-1.7936045333824941,1.5526434045138666,8.233843313944833
2.4278409405141783,0.39378236928946997,-2.320054780896621,3.5819541287286247
2.6455803955273645,1.6056022986724319,1.928587440584911,8.125850619285918
0.022826342132531874,-1.524160248761896,2.7451694533840865,7.137231889031559
0.1273923030393238,2.0532813846382227,0.6693609280261783,5.622643466249608
1.8841413589692442,2.6860922527439834,1.3217257845480104,2.596290632807549
-1.1658406873901705,0.611947874076431,1.342004249180583,1.0928161663967626
2.1198359019880746,1.0615294486582805,3.096403716382845,14.030560672410209
-0.0368091205259895,-2.8112479636815553,-0.9956444626849072,0.6960900004552301
-2.413643385508479,2.799284033325093,-2.1183347636437055,-1.2163988516424604
-2.6888316794531804,-0.6755383379640141,0.1204312887929242,2.2996947349113372
2.1488067187583217,2.6634447684145863,0.20891471660110428,2.3197840796684317
-2.792449134529922,0.49623042310813625,-2.0237355211636983,0.6709003829471503
-1.3784590010482434,-3.112571884560579,0.710687439527597,-1.0007061833240372
-1.0421916924231605,-2.8994261297314563,-3.052844335740385,-7.961403157005715
-2.0546364973382865,1.133604788924143,2.6871198226453306,0.2446627238391157
-1.169342444428846,0.39375474373892905,-1.479223438525592,-0.33084996554304036
1.5248823694087594,-2.974884433972922,-2.8930285334835775,8.189353681127486
-3.04933762666554,1.529704051239003,-2.4614413534045747,6.557894966745327
2.055691253848006,2.212594407864885,-1.6320639916938,6.0038688970227305
2.240257303027585,-0.022509621700050886,-1.4205894394584353,1.107059836712012
-0.8026042064850993,-0.21515234762751634,-2.9354413468170946,-5.739891228683724
-2.1764143432187515,-3.107204096575467,-1.3863546021242414,-1.1175783556128942
0.6335989695705275,1.8010732618470353,-1.929303969712231,8.047648179151272
-2.389667808906861,-1.06364232216244,-0.7626472053425175,4.6425737929290145
-0.8487366857575549,2.3798420107118083,-0.7215123854351617,2.5637456582388425
2.8803954938193623,-0.7975838511572508,-1.0115441988136347,3.8705656554244805
3.113095094366992,0.4088965718967952,-1.0811861267164038,1.1389715224180674
1.7096854553708303,-1.4429851020591227,-2.577794407691513,12.249755355956609
-1.1877638633572558,-2.1325865274514695,-2.9832253001384528,-3.2603398892638227
1.1791342795915272,1.727297299353105,-1.8716710524757976,8.888501729930864
1.2906062576103086,-0.02142265321756165,1.612575911440131,1.614053308705345
-0.7047114130259251,0.22926038640963098,3.083848707531068,-6.145280538972151
0.8852293987803508,2.924294680643418,2.692509366862077,5.167632116273058
-3.0741888722979853,2.9127584931778383,0.026510992720674587,0.29284902399613133
-1.8280446447068235,2.234565353694716,0.19995518304171833,3.3757835328343098
0.1576344565859653,-1.9628087017981808,-1.1650183611142866,6.164171782309791
-2.1127128646425746,0.5923328077039196,1.7212122559051455,0.5732241527797721
-2.099169058987772,2.3759703425434724,1.6635153315959483,1.836622182752273
2.113062177126709,-0.7887663500251971,2.1631270188300924,6.255443511536367
3.073313295718263,-2.5063238773180645,2.4850285483657384,2.7932224930355263
0.3516662878395924,1.9538375384317987,-0.41249583895611597,6.367672992350387
2.1304379511853186,-0.11458298613633833,1.6768286483763486,1.6089358927186654
3.080781877086677,0.40459114312270206,1.9251599909087673,1.2289362489479436
-2.25191944697743,3.029401958564721,-1.2034836856537676,-0.8520975287846316
-0.3251824023823513,0.6736292848420593,2.697008560760236,0.7142913886569615
-0.6749855334122552,-0.47136842171833804,-2.5488275103470657,-1.8187194079320432
-2.638628170733832,-0.8169123096461526,3.105584844310453,-1.2453403275465345
1.6042867901835631,-0.5176132499911619,1.6970300319413907,3.542203797936363
-0.41607864255382454,-2.397669273778048,-2.555554271668642,1.0819336575546958
-0.19272455642102315,1.8519723779322659,0.9816198295191771,6.251694505408412
-2.194886438337388,2.1219376013476685,-2.9268370810372955,-1.68601017271809
-2.0047969706156117,-1.354672756234175,1.6976346709393635,5.017232996327242
2.55790749723152,-1.232782204425589,1.8800730649395243,7.469870283220571
-2.86105415376765,2.3520114993768955,0.6434625975287269,3.2476609513022106
-1.6785385980883036,-2.9909824679286725,2.2422199712045447,-3.3495840246194404
-1.306529760532839,0.1285379101006976,-2.5265738655252443,-4.783803068221589
-0.0615906575566032,-0.22823221580699204,-1.4079120233784146,0.27260572641135206
0.543151040963163,1.1946017251168968,-0.53923853535467,6.576409790185097
-0.04216032514591195,-2.114972323895648,-2.874821468207362,4.793777984977703
-2.613080419393497,1.0576532373107659,-0.32536791772112306,4.808182746514235
-1.6105848864290768,-0.774503070595491,-1.4752073628770006,1.9513060369091255
2.158829490857565,0.7459069499405788,-0.673965795937062,4.073049083403361
0.8644953012801873,-2.889668276665947,-0.47059404221236223,1.1994408416009559
0.937131120383464,-0.24047511231487206,2.38391422922136,3.8056145359707605
1.069418593257769,0.13980649014165136,-1.442990239641862,1.3930548654617265
1.6518683864423238,-1.7949401482306884,2.473961041153001,11.384610064948397
-2.7764862950150815,-2.2643113611168184,-0.4651381461925861,3.7808480172577044
-0.8381242358923648,-1.9573736821219878,-1.0819159993453105,5.1597417014959
0.24835820046667179,-0.9792904883052218,0.015783671473499794,5.069297570505246
-1.0150078506163611,-2.5333165458909344,-0.5168341745418847,1.4303687965360559
2.1644245952718286,2.8105931681388245,-1.5244747177268745,2.0159436920458456
-0.10950015798531298,-0.5969399169042879,0.016834694191809607,2.1025254496298076
1.687836923194241,1.9413132668355226,-2.187794234704483,9.350687662934227
2.2117787235669892,2.980850697391914,-0.9303516064313437,1.040869886390455
0.030105774978861355,-2.6343179285055527,0.4133721397274077,1.682179979791511
2.5732926412148966,0.9529673724769001,-0.5440720465725262,5.194065616439035
0.5474158630855444,2.3336321167653837,2.035201387768214,5.071332954909195
2.2008383279146724,0.8434198232173156,-1.528562253478775,5.154351893764141
-1.001597570968522,-0.4459420314806515,2.9516618818415594,-5.933818082224652
-0.007433268772756296,-0.43306001700660657,1.7889612180436902,1.217697986526769
0.1973613913231782,-2.9160333004842407,2.93797363068696,2.0071571788655738
-2.4819856451197153,0.21740293211814965,2.1245746331300914,-1.5357029533308433
-0.6374133993430795,3.1010221058725014,-2.2487273545862143,-2.1053796664046054
2.6222099323092163,2.8821443874795545,0.1662536527045586,0.9570979783127729
0.8220432103651372,-2.8877568125073276,-2.073586106676318,2.5282740891568376
-2.026285902894177,1.293060709466384,1.9994814263702407,4.140352778762459
-1.0124999026725234,-1.245548076936631,0.5288063791691413,5.430450196139528
-1.9377154384657294,2.5320555276341787,-1.4862917924359467,0.9052470061341453
-2.9856243165948197,-2.8581283462121108,2.6992499488949138,-0.4323834981979824
2.6858132722727497,2.738677753536118,-2.417857335813626,3.02067090346746
-0.32542295411600053,2.1204226348968627,0.40125931517213465,4.769378857880906
-1.2092928051130996,-2.403290845491034,1.3888387653727952,1.88743889619438
0.6187504430878801,-2.765705256345983,-2.7718363884736483,4.947170454524225
-3.09563456927951,2.103030278699401,0.6148475900600965,5.1507951779657155
-1.394728238324443,-2.1629383438418035,1.9848658755178858,2.30669900999031
1.2756968885450322,0.2192715620256953,-2.717306023804984,6.504281796961994
0.8405002726935407,2.6122019825589726,0.0769248561733833,2.5302076735197936
3.0272760505109977,0.4237889960500887,-1.517029990779815,1.3581792112887558
0.7562297929292088,-0.6457022102533059,1.0236845200770732,3.296338393809769
-0.14133476432007042,-0.3454743162721643,-2.3959207644652363,0.19770298471901937
1.6426292398160554,-2.7450157739924848,2.7460751276707462,7.713711249427214
2.5341837591005474,2.9452576982855216,2.48015282495384,2.9966253071779025
1.3866735297748356,-1.189694842274486,-1.97308091111549,8.504670214171773
2.9104419539261404,-1.951786744994694,-1.1104531986345525,6.29607807926727
1.7718907453307855,-1.3443044495078573,0.5506267851350555,7.635864161928928
2.304681407539676,2.9177428351901824,1.3701260695895714,1.3492076151646129
-2.4246556300393904,-2.549175907641999,-0.36030288300019464,1.5242342144286278
1.4602971072007058,2.307833067359411,-2.1595853158049203,6.993749096031333
-0.3764338028636587,1.3059217034901627,-2.487189518006785,4.745906968150692
0.3336610310658923,2.073571657579473,3.140118221937861,8.886391098092291
0.9682539950605165,2.9901524333624705,-0.2805308945430194,0.9837231602360361
2.9519354383752967,2.149821104326702,2.3406860127077547,5.65836083519368
3.0446938814324565,2.785853475011743,-0.11073482876814911,0.9458577458261975
-1.330601176426036,-2.3440349131580183,2.6537513088873146,-2.203336628398402
1.4687165406037561,1.8584943666888378,-2.590184189192437,11.908922817426841
1.5706928925916506,0.28698884994526885,-2.4251889458600444,5.020135535737234
-0.9645137983450307,0.2732908839328134,2.6994586494002677,-4.675575374755976
-2.3632959041592763,2.506498187053971,2.8116817256904456,-2.626185661213837
-2.8843153143488927,2.9644308211922388,-1.1641646117623587,-0.08376984597273997
1.7425982639385689,1.2870371416922204,-0.9100258540037993,7.504182830708767
-0.06471843087617302,-0.10720126058770774,-0.29876398584608843,0.015412294550864855
3.050738859016006,-0.2739226394808387,-0.52677169997982,0.6036567104364452
-0.22007826540532127,-0.7141376860107465,-1.947503344972684,2.470522304487488
3.002840940968407,-0.8695989438884424,2.503066359109905,4.767847460944263
-0.5555843638163629,-0.6816826182578892,-1.550014058639179,1.9472968801188775
1.8452593733793226,-2.57765644458765,1.2897645871993317,3.228893558962998
-2.6086574480344256,-2.655047380435902,-2.719641085951724,-1.757166070984309
0.3484762022486514,1.7584740909411538,-2.89811085669672,9.506623827977519
1.897897615478498,-0.33883400686233545,0.9659170465610822,1.8027809976881926
2.6684792754106788,2.706070450453714,-1.0114931983845965,1.7492593096441655
2.0268493353120274,0.7051053923543962,0.9767801722013738,3.919887982136988
-2.9092987236436305,-2.920575439163036,-2.5508400175592367,-0.868472508698547
-0.7998347787398896,-2.151844309885971,2.8264995807018147,-0.4041231530551457
-2.835611127865311,-1.8483887542037203,1.5614624470042653,5.994011103924111
-2.45495176772388,2.989137598541144,2.364156750120819,-2.452912140119915
1.1014777503094164,-1.7674334732157595,-2.2841228735546646,10.05231502666
1.3399407657012814,0.09899583375776189,-1.1299619579097357,1.2005489101271316
1.7198377721361835,2.7405804882123546,-0.8272180130631472,2.1018340800218875
2.2962312131559113,2.998290349290807,0.23356263779602005,0.8912011761809077
1.5043922848080387,-1.6564962387893358,-1.2763129472849517,8.211281519279522
1.8904319668721197,-2.83297739605626,-2.7606384651019296,7.109125255345305
-2.83394459144316,-2.1764838762326897,-0.8238614316039201,4.4142950215986785
-1.667964842319872,-2.7436880866798448,-1.5422121399710202,-0.5072760162410013
0.7659062986492513,-1.9155908888838578,-0.7167776653403508,6.911764154042885
2.250167652147902,0.4308362239440062,-1.9040593492908326,3.0214237309935728
-3.1133175346884543,2.5914922168486827,-1.4960492009210458,1.8706066464101931
0.09191886743915267,0.23385314317790318,0.7976650801160923,0.47138891296935276
1.1139295828344595,0.7916157315097334,-0.702750183243479,4.462849095017509
-2.9555645695514725,-1.8732233042759998,-0.9714847922834102,6.17761646595423
-0.6198013114154755,1.8886225889967774,0.21303537335184064,5.735402534039927
2.4858472737177824,0.740089539271001,1.70815015583245,4.3121298037685785
1.07827507912695,2.2879391749866915,-0.7610950769031515,4.887014801480743
-1.6483411167941409,2.8201644151675778,0.5499011897186707,-0.3074646265459941
2.21658921035345,-0.9556676109995923,2.929237485881874,11.347371844082264
-0.954846727586335,-2.572467643861761,0.1381051300766667,1.2166012666539103
2.2201300461025566,-1.7220391447406704,2.5748341116928373,11.138450383630497
-1.2632742972048656,-0.3905529612628671,1.8451995178488527,-1.0434162346077502
0.5674988732897757,2.8003758046467446,-2.772652295788617,4.498112261481702
-0.6475446520857324,-0.7646019360914313,-0.4454849290468168,2.748862628859889
-1.414815932640672,1.701318277680051,1.2460713064631612,5.655405174256925
2.428812795017448,0.2543225575305188,3.0581011371238063,6.816347720871605
-1.9629067875078607,-1.9929712731943152,-0.2615294758043052,4.900223966252505
-2.6087057096587256,-1.1263607498702761,-2.5586044515006785,3.02080435327977
-0.9932023371908025,0.9625330011545188,0.3896151354662232,3.87445991102034
1.3674670947285863,1.0860699097802362,-2.3463688944955945,9.428082867736515
1.931649749632797,-0.40991660028607724,1.5803440056157543,2.6309673097251087
3.133697014856728,-1.7049699623919727,0.04823599765509767,6.882632012134242
-1.2794949313717228,1.3942814165975879,1.4038606909511966,5.454230778152657
-0.578417780059548,-2.080532039750057,2.32076880367615,3.2007549535050472
-2.2819192097645122,2.743676592017601,0.8102042868271027,0.2608074027854308
0.4704342081276285,-1.9609596466213446,0.7064771415127185,6.45195812948275
3.1263875792762326,-2.467329192161776,1.5995123399506577,2.7536035828429246
1.2621726112815157,-0.014779921935965223,2.1517082334975637,2.99655375063117
0.598239919940132,0.12283374760409549,2.3188333274946586,2.296567599036545
-0.6762649339521953,0.051477601757642155,-2.9126949833374236,-5.1121367745631
2.609399068716095,-0.39792990045299836,0.35305404724593004,1.5593656020410915
-0.019373597889889016,3.1090136644006368,-1.7827325038759478,-0.03151244265777298
-2.297340438090092,-0.08620145289170589,2.264120006462641,-2.659826836420864
-0.8458520620571406,-0.13856571986856547,0.9324101552892206,-0.6715682990902392
-2.7195720267533074,-0.4915583252746778,-0.501256947586596,1.147299335423213
-1.872520931625369,-2.721714053508374,-1.9596989312393616,-1.1998333258967144
-3.030576428415371,0.5840637390441796,-1.011444388423591,2.006053967993614
-0.2935509421963767,-1.7092288966466307,1.2803730162660685,6.499593386836125
0.8453414159691808,0.8646227227111325,-1.8575637617341219,5.69127467925999
-0.9846224979051392,-2.822196592362049,-2.553593666437139,-3.6852198569974717
-0.5002560834617098,3.0246443616586314,2.438056592458488,-2.0790748523313662
2.885296956057661,-0.1947468321447703,1.6600825864865723,0.7081724368981807
1.583130983430613,2.4928875213232535,-1.8862440808296501,4.8207282664963
0.2567098209532883,-0.15355367726753144,-1.304945058791482,0.4912834757945661
-1.353769607795151,-2.762522940754126,2.9661044009064463,-7.576467981434123
2.4944044530478147,2.02452741859084,1.3080617083876094,6.434580275692538
-1.6644339030449515,0.9310658330076098,0.6944302329963441,3.486538196694096
-1.0974039894097203,1.7703317415109119,-1.208705873902988,5.644981432673638
2.570230031666414,-0.4513220582137514,-1.262133942754725,2.0096282515494805
0.18561820771105353,0.8666821247707075,-2.8932584333487688,5.544259947950017
1.5225285794489176,2.238252842646065,1.4355939090751768,5.741040540980784
0.5701663573928113,0.8235084649316287,-2.870314713878204,7.970058491051294
0.9640869835937176,-0.9570947794951246,-3.111073100235585,13.19589729439929
-1.2605119551287782,1.021203559303565,1.4419601641179929,3.72619696749893
-1.625007262413499,1.079791712877177,2.8203569956978827,-1.872770720467713
-1.1153134761817771,2.893953235500101,1.6116561807270218,-1.083359512480998
-2.164924502015819,-0.8110818046273067,-0.1781899375833178,2.850986045497042
2.351886520261454,-0.47072513759507517,-0.08768028292448049,2.14999381923002
-1.3618996842889994,1.961126403763915,-0.4012666908750684,5.005775341699015
0.3863492595318321,0.03620569132693596,-1.101796334333244,0.44151114175998435
1.8345294181204874,1.4864325827388019,0.13643443152942147,7.9157543867702636
1.7833194738528153,-0.25315290096358734,-0.43259129450432354,1.4200280975386472
-0.3871305547841617,-1.7875967447836523,0.6168069815091637,6.293108322258531
-0.14917972984078443,1.5406611822256204,2.5014622402976308,6.263084209675533
3.1083027603445927,-2.317520421607771,3.1102358978444933,4.115194677853508
1.0970283020252296,-1.8938546966439835,-2.6468339715584652,11.551786346415412
1.9769316428721408,0.7968648684130435,-0.7245551102492329,4.5242328635017905
2.5293211847451014,1.5536419754760447,-2.006182139431458,8.503655119261339
1.8069802334903677,2.479897131689614,-0.9291544654637671,3.6875905575077836
-1.978076514184397,-1.4288811780907162,-1.335346407235777,5.649809384000479
0.3906302407564879,-2.4458916188024373,-2.044943512595087,3.922123664611167
-2.5013727814635995,2.8654256705009145,1.6592387788346237,-0.529702451074884
0.9608380587695722,-2.1713237758397677,-0.02331851652651018,5.584482162022228
2.8610448368222805,-1.899614374972914,2.6341976822872244,7.880098438990647
0.07999791934052514,-1.3111157114425835,-2.936808293055067,7.212843325754564
-0.42114624799012024,0.18467132377608309,-2.7207573855747924,-2.4129352955209233
-2.9163860045103,2.4053639717180273,-0.6077500025481868,2.9300137907002433
2.8888485233144694,1.6370589418603787,-2.637195373527399,8.428901690735572
-2.4944077020631195,1.3078924838824886,-1.4908139136348888,5.626441860759089
-2.8834850981045195,-2.0409006835335743,3.0538149405513106,3.088489605930169
-1.5955105355944963,-0.8942063985524618,-1.8286607180484526,2.138073489654775
-2.72985279402071,-0.13568585111964238,-1.8967821716577402,-0.7901449277076574
-0.2820029131129336,-2.215288068752219,0.4626979681880776,4.193785546314141
0.10108263648351379,-1.4235831666409935,-0.012577109877683679,6.950301303440281
-1.1776577423875223,-1.2042779967976753,0.5054087271194594,5.171272360811094
-2.8213984982284877,-2.3418927142950987,-0.7744950888536386,3.2740228385091483
-2.440386859530421,0.31566529403519317,2.053108458631259,-1.1167971667841559
-0.725680395257251,1.288230151958338,-2.2708653689056657,4.027344754241567
-2.761281180690159,-2.7021992541872812,-0.44992227553490816,0.8939690769038802
1.2452627719861615,-0.11860704964690161,1.1923088580071273,1.2369735519016123
-1.840844228796733,1.7731852356281985,2.3136977911536283,2.991591639450609
-1.243621010891748,1.5581679345595854,-0.8195057665782555,6.009219118541556
-0.6652273612436357,1.9796626488492564,0.4256581528519461,5.2743059728320025
-0.5239571282602444,-0.3252136931713605,-2.707173566980963,-2.4729220005212538
-3.131158119527966,2.014119551755125,-2.0714462616333242,5.682404727709979
-2.4374337451606114,-1.6288964938779344,-2.7071847670173073,2.8517246556315
2.2793169768620976,-0.8745530354160431,1.4318178723920907,5.199245992809288
-3.133845093332138,-2.033517887002277,-1.3316584905282276,5.594998478443167
0.05131701004196465,-0.20430066411857473,1.4058331198839875,0.35945917640775576
-0.0659608384687771,-0.6782068812165809,-2.7243999622830803,2.326358640317202
-1.048700315220442,-1.627802935634241,2.277955012675868,3.7765730930329964
-0.4314850580160674,1.581984852870102,2.1081984108866667,5.754768698699043
1.762943280778769,-1.1696352263521554,-2.5828368818703087,11.28261807436298
2.1438461136450346,-1.427512494682509,-2.9923261212680816,14.434184310132519
-1.5057745108574874,-2.3191844499380876,-2.7879196109027666,-3.2674560430731243
-1.1153254531954873,-0.3843945843562473,2.2219239080909317,-2.1025556721660736
-1.618027954199186,-1.2380097490841404,-1.666907139635137,4.482896294038654
-0.126521985794108,-0.8213829625357607,0.303310201495381,3.625384702863444
1.1514462202597153,-1.6587781205577345,-0.46342133889839054,7.863520376172116
-1.7074375401565371,1.653454707140046,1.8568416442960682,4.7839088333453805
-1.0635186985515173,2.7017907141372,-0.06975402908421957,0.3948302583756266
2.7041863056722555,-0.012994552169945717,0.004152184333276576,0.4247733661943919
-2.8364228052432394,0.898485592484966,3.0730552881257536,1.3048790618088817
-0.24649183995361268,2.3070114535789346,-2.198300828449477,3.029894337818292
1.3292583785765624,3.1342390480805653,2.0778741289548543,2.7813695292639924
-2.1962622187656446,0.7132451089771572,-2.816439412361183,-2.9150268986003063
-2.8439329071493176,2.4490566172036,-0.14043692261649543,2.560400589429973
-2.2732226931372823,2.567361331150823,2.427413289387786,-1.3479602959141215
2.6315437358980187,1.8312437059484825,1.0380699612246884,7.080721825435596
-3.0834117285036218,-0.2454753095813791,1.1637377750761457,0.3445892509686075
-1.9583307884360632,-2.631687030507503,-1.4871213745893832,0.28899504955963695
-2.945032544969217,-3.0422834198765316,-0.5116096745517429,-0.127825208412501
-2.446487208461857,-0.14325264596972742,-0.8382959015222919,-0.5294261389917947
0.75492023241102,-0.03572283935975218,0.1347316630034734,0.6941822031795724
-1.6233306125574605,-0.5820592834715739,-0.23732891434306547,1.116601961548994
0.43487213834580096,0.42830810006325093,-1.0876297321350714,1.6877545968085303
0.5667143037715627,0.3277479309851441,-1.2222013583110347,1.3820465387063514
2.1955669506791047,2.1150021136216557,-1.565437450478817,6.421820668622553
-3.1118016033103415,-2.4588799388516507,-0.8479331555371199,2.7549175734797147
2.220285794945953,-1.7267596504104392,-2.1994825624977112,9.491339946988347
0.7484472936426183,1.8410045787296134,2.3380002830871707,9.215060948702257
-2.1190451728559383,2.185523493435043,0.6416350623459057,3.803728142133588
1.714916186911588,3.10907222865933,-2.3009877499984057,3.771191575904864
2.2336192322052257,2.3430753022340403,1.2180541203616144,4.553596245916172
-1.5440080683133766,2.44980771252078,2.1844528435238866,-0.4273352896355551
2.6313583025873806,-1.1664862791154436,-1.6491120090200113,6.766332284690424
-0.28615240479867543,-0.6178781763243348,-2.195341211997383,1.4112772499351078
0.6498350118701914,-1.4571642619076075,-3.087448830178814,13.012921358610335
3.0451428287578173,0.667898816886503,-2.8447100187274694,3.4119920138662625
-0.8699944762686522,2.757095354265397,1.6477738184486599,-0.3429283209034961
1.967638200462904,-0.9761500992066492,3.0610820033430857,13.823167161224994
-1.1410319946310739,0.3581527584005837,-2.85960127082537,-6.127671553540212
1.8800140066571887,-1.2798871690017146,1.55867580522873,7.938937673597686
0.6329298789323761,-2.074707953221638,-2.6900693490357703,9.057000987151913
-1.7821897282249262,-1.9152058004591528,0.578887611743669,5.213270970532673
-0.5401899843043059,-2.777511316168356,1.6089684520849667,0.028634876279194088
-1.1458291027199952,2.8229944623827192,-0.8846448624028445,-0.28003449802530067
-2.6508231458198432,-0.6102254168523911,-3.072887774569164,-2.3748976429352835
-2.9541352644562933,2.0993434794493835,0.5980923386744199,5.031170739752467
-0.9646030566840551,1.1393266785624894,3.086581029760322,-2.5052408186697166
-3.021997575688277,-1.9357164320748195,-1.5229346475374859,5.924992716970097
-2.101802406633887,-2.039130843919347,-1.9509838449283845,3.4620480338193955
1.4148685329920854,1.9602796837444396,-2.362943305061795,10.058333255558333
1.3074757945999638,-1.4783599227867417,0.3471812990951326,7.907292531313263
